<?xml version="1.0" encoding="utf-8"?><feed xmlns="http://www.w3.org/2005/Atom" ><generator uri="https://jekyllrb.com/" version="3.8.3">Jekyll</generator><link href="http://localhost:4000/feed.xml" rel="self" type="application/atom+xml" /><link href="http://localhost:4000/" rel="alternate" type="text/html" /><updated>2018-07-19T13:48:40-04:00</updated><id>http://localhost:4000/</id><title type="html">The Cooper Lab</title><subtitle>evolution-in-action at University of Pittsburgh School of Medicine</subtitle><entry><title type="html">Test 1</title><link href="http://localhost:4000/2018/07/16/postOneDebug.html" rel="alternate" type="text/html" title="Test 1" /><published>2018-07-16T00:00:00-04:00</published><updated>2018-07-16T00:00:00-04:00</updated><id>http://localhost:4000/2018/07/16/postOneDebug</id><content type="html" xml:base="http://localhost:4000/2018/07/16/postOneDebug.html">&lt;p&gt;fbsDF bsDXBxcb SDB sDxc vbxdbv
sDvbd&lt;/p&gt;</content><author><name></name></author><summary type="html">fbsDF bsDXBxcb SDB sDxc vbxdbv sDvbd</summary></entry><entry><title type="html">ASM COMS: outreach and greater transparency</title><link href="http://localhost:4000/2018/07/13/position_statement.html" rel="alternate" type="text/html" title="ASM COMS: outreach and greater transparency" /><published>2018-07-13T12:00:00-04:00</published><updated>2018-07-13T12:00:00-04:00</updated><id>http://localhost:4000/2018/07/13/position_statement</id><content type="html" xml:base="http://localhost:4000/2018/07/13/position_statement.html">&lt;h2 id=&quot;position-statement&quot;&gt;Position Statement&lt;/h2&gt;

&lt;p&gt;I’m honored to have been elected Chair of the &lt;a href=&quot;https://www.asm.org/index.php/about-the-american-society-for-microbiology/council-on-microbial-sciences&quot;&gt;Council of Microbial Sciences (COMS)&lt;/a&gt; of the &lt;a href=&quot;https://www.asm.org/&quot;&gt;American Society of Microbiology&lt;/a&gt;, which includes the representatives of all scientific Divisions and local Branches. Our mission is to “support the work of ASM by prioritizing the scientific focus of the Society and identifying upcoming opportunities in microbial sciences and scientific trends to ensure effective programs and scientific activities that benefit the members and the scientific community at large.” My goals are to increase transparency, broaden engagement and support community-building in our focus areas.  I am thrilled to be a “brand ambassador” for ASM and look forward to serving the field of microbiology with a focus on education and outreach.&lt;/p&gt;

&lt;p&gt;In the interest of transparency, I’ve posted my original statement of candidacy here as well as my remarks at the COMS meeting during ASM Microbe 2018 in Atlanta. Comments are encouraged.&lt;/p&gt;

&lt;h2 id=&quot;statement-of-candidacy&quot;&gt;Statement of candidacy&lt;/h2&gt;

&lt;p&gt;It is an amazing time to be an evolutionary biologist and microbiologist.&lt;/p&gt;

&lt;p&gt;I’m an evangelist for the study of microbial evolution-in-action. I love sharing how powerful experimental evolution can be for understanding how microbes work, particularly when combined with contemporary genomics and bioinformatics. This approach is broadly relevant to all of the disciplines represented by the ASM, from host-microbe interactions, to applied microbiology, to education. At the same time, technology is enabling us, for the first time, to study microbes as individuals as well as members of populations, and identify major transitions in phenotypes as we scale from cell to population to mixed communities.&lt;/p&gt;

&lt;p&gt;My laboratory focuses on pathogen evolution that occurs during acute and chronic infections, eco-evolutionary dynamics in biofilms, why genome regions mutate/evolve at different rates, and molecular-genetic mechanisms of bacterial adaptation. Perhaps our most important work has been enabling students to learn evolution and heredity by hands-on experiments with microbes. We are working to distribute this curriculum broadly to high schools around the country.&lt;/p&gt;

&lt;p&gt;I was glad to serve on the organizing committee for the ASM Meetings on Experimental Microbial Evolution in 2014 and 2016, and with the end of these meetings want to carry the tremendous enthusiasm from this community forward within the ASM. I’ve been an ASM member since 2000, following Vic DiRita’s advice that it would be the most valuable professional organization I could join. Previously at the University of New Hampshire I was the Chair for the Undergraduate Research Conference, one of the nation’s largest such events. I also supported the local student ASM chapter. Now at the University Pittsburgh School of Medicine, I am Director and co-founder of the Center for Evolutionary Biology and Medicine. I am also Associate Director of the Centers for Medicine and the Microbiome and Innovative Antimicrobial Therapy at the University of Pittsburgh Medical Center.&lt;/p&gt;

&lt;p&gt;My vision is to encourage and support education, research, outreach, and scientific-communication activities that allow ASM members to realize the “systems-level” perspectives embodied by the “m-Journals” and apply them to any level of inquiry. We are more than ever in a position to continually ask “why” questions that broaden the relevance of our fields for society as whole, and help us solve some of society’s most pressing challenges.&lt;/p&gt;

&lt;h2 id=&quot;remarks-at-the-coms-meeting-5-minutes&quot;&gt;Remarks at the COMS meeting (5 minutes)&lt;/h2&gt;

&lt;ul&gt;
  &lt;li&gt;I’m honored by the nomination, thank you.&lt;/li&gt;
  &lt;li&gt;This is only my second formal experience w / ASM leadership, my first being the Microbial Evolution and Ecology focus group held in Dec 2017.&lt;/li&gt;
  &lt;li&gt;We learned a lot at that successful retreat
    &lt;ul&gt;
      &lt;li&gt;We draw from several academic communities comprising research and researchers for whom ASM is not HOME (e.g. ASV, ISME)&lt;/li&gt;
      &lt;li&gt;That feeling of a lack of representation means that many aren’t in the habit of presenting their best work here at Microbe&lt;/li&gt;
      &lt;li&gt;Some of us feel disenfranchised by the loss of satellite meetings (e.g. &lt;a href=&quot;https://www.asm.org/index.php/asm-conferences-resources/past-conferences/item/6197-conference-scope-eme-2&quot;&gt;the ASM Experimental Microbial Evolution meeting in 2014 and 2016&lt;/a&gt;)&lt;/li&gt;
      &lt;li&gt;Some of us feel that ASM journals don’t provide a venue for our best work, and that the Editorial Boards do not represent leaders in our particular disciplines&lt;/li&gt;
    &lt;/ul&gt;
  &lt;/li&gt;
  &lt;li&gt;Yet there are tremendous opportunities for both grassroots and formal community-building
    &lt;ul&gt;
      &lt;li&gt;Witness the casual get-together for the EEB group at a local pub here Friday&lt;/li&gt;
      &lt;li&gt;Witness the newly announced conference grants program to support these initiatives&lt;/li&gt;
      &lt;li&gt;Witness the remarkable interdisciplinary of several symposia here at Microbe&lt;/li&gt;
    &lt;/ul&gt;
  &lt;/li&gt;
  &lt;li&gt;These EEB successes provide a template for community building here. I think these focus group meetings- both at ASM HQ and in other venues - are a great way forward.&lt;/li&gt;
  &lt;li&gt;I would want to attend more of these meetings to learn about the best of what we can anticipate from each community, and what opportunities we can’t miss.&lt;/li&gt;
  &lt;li&gt;I will commit to serve as a listener and brand ambassador for ASM at other meetings to solicit input from groups whose research interests are allied with ours.&lt;/li&gt;
  &lt;li&gt;Above all, by listening and asking questions we will discover new high energy partners who can help us promote our best research, education, and outreach.&lt;/li&gt;
  &lt;li&gt;
    &lt;p&gt;The motivation: to broaden our community. Many hands make light work!&lt;/p&gt;
  &lt;/li&gt;
  &lt;li&gt;A little bit about my approach:
    &lt;ul&gt;
      &lt;li&gt;I believe in and practice shared leadership&lt;/li&gt;
      &lt;li&gt;I believe that we are all population biologists and that by embracing this we can provide leadership to a range of basic + applied fields (microbiome)&lt;/li&gt;
      &lt;li&gt;I believe we are organismal biologists and that we ought to embrace our expertise and current technology that enables a single-cell understanding, which is relevant to engineering and synthetic biology&lt;/li&gt;
      &lt;li&gt;I believe that no other life-science field has greater promise for hands-on learning and inquiry in primary and secondary education.&lt;/li&gt;
      &lt;li&gt;I hope that you share these views and can help convert them into successful initiatives that empower the next generation of microbiologists&lt;/li&gt;
    &lt;/ul&gt;
  &lt;/li&gt;
&lt;/ul&gt;

&lt;h2 id=&quot;on-a-personal-note&quot;&gt;On a personal note:&lt;/h2&gt;

&lt;ul&gt;
  &lt;li&gt;I know that it’s the best-ever time to be an evolutionary microbiologist. We can watch the process of evolution unfold in real-time and then decode and assemble this process into a narrative facilitated by the deep knowledge that microbial geneticists, physiologists, host-microbe interaction researchers, and others have shared.&lt;/li&gt;
  &lt;li&gt;Every evolution experiment reminds me that I stand on many shoulders — most from ASM - and I am so grateful.&lt;/li&gt;
  &lt;li&gt;Thank you for your attention and for sharing this opportunity with me.&lt;/li&gt;
&lt;/ul&gt;</content><author><name></name></author><summary type="html">Position Statement</summary></entry><entry><title type="html">The root of pan-adaptationism?</title><link href="http://localhost:4000/evolution/2018/07/08/firstPost.html" rel="alternate" type="text/html" title="The root of pan-adaptationism?" /><published>2018-07-08T19:08:30-04:00</published><updated>2018-07-08T19:08:30-04:00</updated><id>http://localhost:4000/evolution/2018/07/08/firstPost</id><content type="html" xml:base="http://localhost:4000/evolution/2018/07/08/firstPost.html">&lt;p&gt;There’s been a fair bit of &lt;a href=&quot;http://sandwalk.blogspot.com/2017/01/why.html&quot;&gt;recent discussion&lt;/a&gt; about why most biologists are (uncritically) adaptationists. I don’t dispute this but think it’s worth reconsidering why. Some have argued that this is because of intuition (adaptation just makes sense). However I think a better explanation lies in how we teach - or fail to teach - evolution and acknowledge that teaching non-adaptive evolutionary processes is difficult. Most biologists haven’t had a full course in evolution. Instead, most have had a week or two in their college introductory biology class and if lucky, one week in their high school biology class. If they went to graduate school, they likely had no coursework that explicitly considers evolutionary biology. This is also true for most teachers, so most do not understand evolutionary biology with enough comfort to go beyond well-trodden examples of adaptations to explore with students how and why evolution may not be adaptive.  We also must recognize that understanding sources and effects of non-adaptive variation is difficult. It takes a certain depth of education in evolutionary biology to be able to teach non-adaptive processes well. Understanding drift, mutation, and recombination depends more heavily on understanding of statistics and probability, topics that are also generally lacking for most scientists and educators.Another problem is more philosophical, but I think equally important. I wrote the following in my Teaching Statement for my tenure packet several years ago.&lt;/p&gt;

&lt;blockquote&gt;
  &lt;p&gt;“One of Darwin’s most important contributions, many have argued^^1, is that he replaced “typological thinking” with “population thinking.” For typologists, the “wild type” is central to all scientific inquiry; for population thinkers, the “wild type” is an average of many individuals whose variation is the subject of study. Yet this dichotomy still pervades biological education and research. Nearly all of what we are taught in biology begins with a description of discrete characters with certain function: this enzyme performs that reaction, this species lives in that environment. This may be a necessary starting point, but we rarely progress to illustrate that these “facts” are actually average population phenotypes that may not actually exist in any one individual. In my discipline of microbiology it is almost impossible to study single individuals, so the entire field relies on populations usually without recognizing this point. This shortcoming in our curricula likely contributes to how readily we overemphasize differences among individuals and to the widespread doubt of the effectiveness of evolution.”&lt;/p&gt;
&lt;/blockquote&gt;

&lt;p&gt;Here, the relevant point is that if most students believe in an idealized wild-type, then diversity is underestimated and under- appreciated. Appreciating genetic drift is therefore even more remote. If we wish to tackle these problems with biology education, one solution might include developing examples that includes both adaptive and non-adaptive processes. Building in concepts of probability and effects of population size (think conservation genetics) would also be very helpful. Above all, getting teachers to invest more than the standard “one week at the end of the semester” to teach evolution would be a huge victory, one that would benefit all of our education in biology.&lt;/p&gt;

&lt;p&gt;&lt;a href=&quot;http://faculty.arts.ubc.ca/jbeatty/Sober1980.pdf&quot;&gt;[1] Mayr, E. Evolution and the Diversity of Life, 1975; Sober, E. “Evolution, Population Thinking, and Essentialism” in Conceptual Issues in Evolutionary Biology, 1994&lt;/a&gt;&lt;/p&gt;</content><author><name></name></author><summary type="html">There’s been a fair bit of recent discussion about why most biologists are (uncritically) adaptationists. I don’t dispute this but think it’s worth reconsidering why. Some have argued that this is because of intuition (adaptation just makes sense). However I think a better explanation lies in how we teach - or fail to teach - evolution and acknowledge that teaching non-adaptive evolutionary processes is difficult. Most biologists haven’t had a full course in evolution. Instead, most have had a week or two in their college introductory biology class and if lucky, one week in their high school biology class. If they went to graduate school, they likely had no coursework that explicitly considers evolutionary biology. This is also true for most teachers, so most do not understand evolutionary biology with enough comfort to go beyond well-trodden examples of adaptations to explore with students how and why evolution may not be adaptive. We also must recognize that understanding sources and effects of non-adaptive variation is difficult. It takes a certain depth of education in evolutionary biology to be able to teach non-adaptive processes well. Understanding drift, mutation, and recombination depends more heavily on understanding of statistics and probability, topics that are also generally lacking for most scientists and educators.Another problem is more philosophical, but I think equally important. I wrote the following in my Teaching Statement for my tenure packet several years ago.</summary></entry></feed>